<?xml version="1.0" encoding="UTF-8" standalone="yes"?>
<addon id="plugin.audio.barstoolpodcasts" name="Barstool Podcasts" version="0.0.1" provider-name="Aidan O'Connor">
    <requires>
        <import addon="xbmc.python" version="2.20.0" />
        <import addon="script.module.requests" version="2.9.1"/>
	<import addon="script.module.beautifulsoup4" version="4.3.2"/>
    </requires>
    <extension point="xbmc.python.pluginsource" library="default.py">
        <provides>audio</provides>
    </extension>
    <extension point="xbmc.addon.metadata">
        <summary lang="en">Barstool Sports Podcasts</summary>
        <license>GNU General Public License, v2</license>
        <description lang="en"></description>
        <platform>all</platform>
    </extension>
</addon>